SHA-256,Filename,Description,,,,,
0160375e19e606d06f672be6e43f70fa70093d2a30031affd2929a5c446d07c1,Salary_Lockheed_Martin_job_opportunities_confidential.doc,Black Artemis malicious lure document.,,,,,
e3a4e97e27bcfb6126ebfe92827cfb6b7e0c04eb7f5426bf17dd366e4723d1ef,JD.docx,Black Artemis malicious lure document.,,,,,
e8305bdd528b4ef83a311db1825f88dcb27e256090b66f3aedb36eb830d2166d,careeroppr.docx,Black Artemis malicious lure document.,,,,,
17f1c3dc3ad9e0e87e6a131bd93d12c074b443f365eea2e720b9d9939f9ce22e,GDLS47129481.docx,Black Artemis malicious lure document.,,,,,
65b5709f67bb0fac31ec977f98cda6f89f4b38703ee5aeef0b633c33669ea88a,Boeing BDS MSE.docx,Black Artemis malicious lure document.,,,,,
294acafed42c6a4f546486636b4859c074e53d74be049df99932804be048f42c,airbus_job_opportunity_confidential.doc,Black Artemis malicious lure document.,,,,,
322aa22163954ff3ff017014e357b756942a2a762f1c55455c83fd594e844fdd ,Boeing_DSS_SE.docx ,Black Artemis malicious lure document.,,,,,
49724ee7a6baf421ac5a2a3c93d32e796e2a33d7d75bbfc02239fc9f4e3a41e0 ,Senior_Design_Engineer.docx ,Black Artemis malicious lure document.,,,,,
7933716892e0d6053057f5f2df0ccadf5b06dc739fea79ee533dd0cec98ca971 ,boeing_spectrolab.docx.zip ,Black Artemis malicious lure document.,,,,,
a3eca35d14b0e020444186a5faaba5997994a47af08580521f808b1bb83d6063 ,Boeing_PMS.docx ,Black Artemis malicious lure document.,,,,,
df5536c254a5d9ac626dbff7525de8301729807433d377db807ce3d8bc7c3ffe ,LM_IFG_536R.docx.docx ,Black Artemis malicious lure document.,,,,,
6a3446b8a47f0ab4f536015218b22653fff8b18c595fbc5b0c09d857eba7c7a1,Boeing_AERO_GS.docx,Black Artemis malicious lure document.,,,,,
e5466b99c1af9fe3fefdd4da1e798786a821c6d853a320d16cc10c06bc6f3fc5,Benefit_Job_LockheedMartin_description.exe,Black Artemis malicious lure document.,,,,,
ef8f4d31e16cfb399b4c69e3d2c43ab33863d3149cb701209061aa5d57574761,,Black Artemis malicious lure document.,,,,,
9cbcf1ad0c80c98a78b699ccda2e7f45e923337a7c0de63557a0e64af8fd5cb6,,Black Artemis malicious lure document.,,,,,
d1b5961f259b9af90d8c191f679b996c7321d00a17363a7639eb74fa9428b91b,,Black Artemis malicious lure document.,,,,,
5c438ab54e344bab2a185d1ffec487d84885a2794e5d49da2626558916dff7aa,,Black Artemis malicious lure document.,,,,,
ef8f4d31e16cfb399b4c69e3d2c43ab33863d3149cb701209061aa5d57574761,,Black Artemis malicious lure document.,,,,,
04d8b7730da5249409f38e244d602a2dd4c48383115f8aacba0bdb432d515ed0,,Black Artemis malicious lure document.,,,,,
